{
  "division": "Dhaka",
  "description": "Dhaka Division Village Hierarchy Database - Optimized for AI Training/Fine-tuning",
  "hierarchy": "Division > District > Upazila > Union > Village",
  "districts": [
    {
      "name": "Dhaka",
      "division": "Dhaka",
      "upazilas": [
        {
          "name": "Dhamrai",
          "nameBn": "",
          "postalCode": "1350",
          "district": "Dhaka",
          "division": "Dhaka",
          "unions": [
            {
              "name": "Dhamrai Union",
              "upazila": "Dhamrai",
              "district": "Dhaka",
              "division": "Dhaka",
              "villages": []
            }
          ]
        },
        {
          "name": "Dohar",
          "nameBn": "",
          "postalCode": "1330",
          "district": "Dhaka",
          "division": "Dhaka",
          "unions": [
            {
              "name": "Dohar Union",
              "upazila": "Dohar",
              "district": "Dhaka",
              "division": "Dhaka",
              "villages": []
            }
          ]
        },
        {
          "name": "Keraniganj",
          "nameBn": "",
          "postalCode": "1310",
          "district": "Dhaka",
          "division": "Dhaka",
          "unions": [
            {
              "name": "Aganagar",
              "upazila": "Keraniganj",
              "district": "Dhaka",
              "division": "Dhaka",
              "villages": []
            },
            {
              "name": "Kalatia",
              "upazila": "Keraniganj",
              "district": "Dhaka",
              "division": "Dhaka",
              "villages": []
            },
            {
              "name": "Kalindi",
              "upazila": "Keraniganj",
              "district": "Dhaka",
              "division": "Dhaka",
              "villages": []
            },
            {
              "name": "Konda",
              "upazila": "Keraniganj",
              "district": "Dhaka",
              "division": "Dhaka",
              "villages": []
            },
            {
              "name": "Zinjira",
              "upazila": "Keraniganj",
              "district": "Dhaka",
              "division": "Dhaka",
              "villages": []
            },
            {
              "name": "Taranagar",
              "upazila": "Keraniganj",
              "district": "Dhaka",
              "division": "Dhaka",
              "villages": []
            },
            {
              "name": "Tegharia",
              "upazila": "Keraniganj",
              "district": "Dhaka",
              "division": "Dhaka",
              "villages": []
            },
            {
              "name": "Basta",
              "upazila": "Keraniganj",
              "district": "Dhaka",
              "division": "Dhaka",
              "villages": []
            },
            {
              "name": "Ruhitpur",
              "upazila": "Keraniganj",
              "district": "Dhaka",
              "division": "Dhaka",
              "villages": []
            },
            {
              "name": "Subhadya",
              "upazila": "Keraniganj",
              "district": "Dhaka",
              "division": "Dhaka",
              "villages": []
            },
            {
              "name": "Sakta",
              "upazila": "Keraniganj",
              "district": "Dhaka",
              "division": "Dhaka",
              "villages": []
            },
            {
              "name": "Hazratpur",
              "upazila": "Keraniganj",
              "district": "Dhaka",
              "division": "Dhaka",
              "villages": []
            }
          ]
        },
        {
          "name": "Nawabganj",
          "nameBn": "",
          "postalCode": "1320",
          "district": "Dhaka",
          "division": "Dhaka",
          "unions": [
            {
              "name": "Nawabganj Union",
              "upazila": "Nawabganj",
              "district": "Dhaka",
              "division": "Dhaka",
              "villages": []
            }
          ]
        },
        {
          "name": "Savar",
          "nameBn": "",
          "postalCode": "1340",
          "district": "Dhaka",
          "division": "Dhaka",
          "unions": [
            {
              "name": "Aminbazar",
              "upazila": "Savar",
              "district": "Dhaka",
              "division": "Dhaka",
              "villages": []
            },
            {
              "name": "Ashulia",
              "upazila": "Savar",
              "district": "Dhaka",
              "division": "Dhaka",
              "villages": []
            },
            {
              "name": "Banagram",
              "upazila": "Savar",
              "district": "Dhaka",
              "division": "Dhaka",
              "villages": []
            },
            {
              "name": "Bhakurta",
              "upazila": "Savar",
              "district": "Dhaka",
              "division": "Dhaka",
              "villages": []
            },
            {
              "name": "Birulia",
              "upazila": "Savar",
              "district": "Dhaka",
              "division": "Dhaka",
              "villages": []
            },
            {
              "name": "Dhamsana",
              "upazila": "Savar",
              "district": "Dhaka",
              "division": "Dhaka",
              "villages": []
            },
            {
              "name": "Kaundia",
              "upazila": "Savar",
              "district": "Dhaka",
              "division": "Dhaka",
              "villages": []
            },
            {
              "name": "Pathalia",
              "upazila": "Savar",
              "district": "Dhaka",
              "division": "Dhaka",
              "villages": []
            },
            {
              "name": "Savar Union",
              "upazila": "Savar",
              "district": "Dhaka",
              "division": "Dhaka",
              "villages": []
            },
            {
              "name": "Shimulia",
              "upazila": "Savar",
              "district": "Dhaka",
              "division": "Dhaka",
              "villages": []
            },
            {
              "name": "Tetuljhora",
              "upazila": "Savar",
              "district": "Dhaka",
              "division": "Dhaka",
              "villages": []
            },
            {
              "name": "Yearpur",
              "upazila": "Savar",
              "district": "Dhaka",
              "division": "Dhaka",
              "villages": []
            }
          ]
        },
        {
          "name": "Dhaka City Corporation",
          "nameBn": "",
          "postalCode": "1000",
          "district": "Dhaka",
          "division": "Dhaka",
          "unions": [
            {
              "name": "Dhaka City Corporation Union",
              "upazila": "Dhaka City Corporation",
              "district": "Dhaka",
              "division": "Dhaka",
              "villages": []
            }
          ]
        },
        {
          "name": "Adabar",
          "nameBn": "",
          "postalCode": "1207",
          "district": "Dhaka",
          "division": "Dhaka",
          "unions": [
            {
              "name": "Adabar Area",
              "upazila": "Adabar",
              "district": "Dhaka",
              "division": "Dhaka",
              "villages": []
            }
          ]
        },
        {
          "name": "Badda",
          "nameBn": "",
          "postalCode": "1212",
          "district": "Dhaka",
          "division": "Dhaka",
          "unions": [
            {
              "name": "Badda Area",
              "upazila": "Badda",
              "district": "Dhaka",
              "division": "Dhaka",
              "villages": []
            }
          ]
        },
        {
          "name": "Bangshal",
          "nameBn": "",
          "postalCode": "1100",
          "district": "Dhaka",
          "division": "Dhaka",
          "unions": [
            {
              "name": "Bangshal Area",
              "upazila": "Bangshal",
              "district": "Dhaka",
              "division": "Dhaka",
              "villages": []
            }
          ]
        },
        {
          "name": "Biman Bandar",
          "nameBn": "",
          "postalCode": "1229",
          "district": "Dhaka",
          "division": "Dhaka",
          "unions": [
            {
              "name": "Biman Bandar Area",
              "upazila": "Biman Bandar",
              "district": "Dhaka",
              "division": "Dhaka",
              "villages": []
            }
          ]
        },
        {
          "name": "Cantonment",
          "nameBn": "",
          "postalCode": "1206",
          "district": "Dhaka",
          "division": "Dhaka",
          "unions": [
            {
              "name": "Cantonment Area",
              "upazila": "Cantonment",
              "district": "Dhaka",
              "division": "Dhaka",
              "villages": []
            }
          ]
        },
        {
          "name": "Chawkbazar",
          "nameBn": "",
          "postalCode": "1211",
          "district": "Dhaka",
          "division": "Dhaka",
          "unions": [
            {
              "name": "Chawkbazar Area",
              "upazila": "Chawkbazar",
              "district": "Dhaka",
              "division": "Dhaka",
              "villages": []
            }
          ]
        },
        {
          "name": "Dakshinkhan",
          "nameBn": "",
          "postalCode": "1230",
          "district": "Dhaka",
          "division": "Dhaka",
          "unions": [
            {
              "name": "Dakshinkhan Area",
              "upazila": "Dakshinkhan",
              "district": "Dhaka",
              "division": "Dhaka",
              "villages": []
            }
          ]
        },
        {
          "name": "Darus Salam",
          "nameBn": "",
          "postalCode": "1216",
          "district": "Dhaka",
          "division": "Dhaka",
          "unions": [
            {
              "name": "Darus Salam Area",
              "upazila": "Darus Salam",
              "district": "Dhaka",
              "division": "Dhaka",
              "villages": []
            }
          ]
        },
        {
          "name": "Demra",
          "nameBn": "",
          "postalCode": "1360",
          "district": "Dhaka",
          "division": "Dhaka",
          "unions": [
            {
              "name": "Demra Area",
              "upazila": "Demra",
              "district": "Dhaka",
              "division": "Dhaka",
              "villages": []
            }
          ]
        },
        {
          "name": "Dhanmondi",
          "nameBn": "",
          "postalCode": "1209",
          "district": "Dhaka",
          "division": "Dhaka",
          "unions": [
            {
              "name": "Dhanmondi Area",
              "upazila": "Dhanmondi",
              "district": "Dhaka",
              "division": "Dhaka",
              "villages": []
            }
          ]
        },
        {
          "name": "Gendaria",
          "nameBn": "",
          "postalCode": "1204",
          "district": "Dhaka",
          "division": "Dhaka",
          "unions": [
            {
              "name": "Gendaria Area",
              "upazila": "Gendaria",
              "district": "Dhaka",
              "division": "Dhaka",
              "villages": []
            }
          ]
        },
        {
          "name": "Gulshan",
          "nameBn": "",
          "postalCode": "1212",
          "district": "Dhaka",
          "division": "Dhaka",
          "unions": [
            {
              "name": "Gulshan Area",
              "upazila": "Gulshan",
              "district": "Dhaka",
              "division": "Dhaka",
              "villages": []
            }
          ]
        },
        {
          "name": "Hazaribagh",
          "nameBn": "",
          "postalCode": "1209",
          "district": "Dhaka",
          "division": "Dhaka",
          "unions": [
            {
              "name": "Hazaribagh Area",
              "upazila": "Hazaribagh",
              "district": "Dhaka",
              "division": "Dhaka",
              "villages": []
            }
          ]
        },
        {
          "name": "Jatrabari",
          "nameBn": "",
          "postalCode": "1204",
          "district": "Dhaka",
          "division": "Dhaka",
          "unions": [
            {
              "name": "Jatrabari Area",
              "upazila": "Jatrabari",
              "district": "Dhaka",
              "division": "Dhaka",
              "villages": []
            }
          ]
        },
        {
          "name": "Kadamtali",
          "nameBn": "",
          "postalCode": "1236",
          "district": "Dhaka",
          "division": "Dhaka",
          "unions": [
            {
              "name": "Kadamtali Area",
              "upazila": "Kadamtali",
              "district": "Dhaka",
              "division": "Dhaka",
              "villages": []
            }
          ]
        },
        {
          "name": "Kafrul",
          "nameBn": "",
          "postalCode": "1206",
          "district": "Dhaka",
          "division": "Dhaka",
          "unions": [
            {
              "name": "Kafrul Area",
              "upazila": "Kafrul",
              "district": "Dhaka",
              "division": "Dhaka",
              "villages": []
            }
          ]
        },
        {
          "name": "Kalabagan",
          "nameBn": "",
          "postalCode": "1205",
          "district": "Dhaka",
          "division": "Dhaka",
          "unions": [
            {
              "name": "Kalabagan Area",
              "upazila": "Kalabagan",
              "district": "Dhaka",
              "division": "Dhaka",
              "villages": []
            }
          ]
        },
        {
          "name": "Kamrangirchar",
          "nameBn": "",
          "postalCode": "1211",
          "district": "Dhaka",
          "division": "Dhaka",
          "unions": [
            {
              "name": "Kamrangirchar Area",
              "upazila": "Kamrangirchar",
              "district": "Dhaka",
              "division": "Dhaka",
              "villages": []
            }
          ]
        },
        {
          "name": "Khilgaon",
          "nameBn": "",
          "postalCode": "1219",
          "district": "Dhaka",
          "division": "Dhaka",
          "unions": [
            {
              "name": "Khilgaon Area",
              "upazila": "Khilgaon",
              "district": "Dhaka",
              "division": "Dhaka",
              "villages": []
            }
          ]
        },
        {
          "name": "Khilkhet",
          "nameBn": "",
          "postalCode": "1229",
          "district": "Dhaka",
          "division": "Dhaka",
          "unions": [
            {
              "name": "Khilkhet Area",
              "upazila": "Khilkhet",
              "district": "Dhaka",
              "division": "Dhaka",
              "villages": []
            }
          ]
        },
        {
          "name": "Kotwali",
          "nameBn": "",
          "postalCode": "1100",
          "district": "Dhaka",
          "division": "Dhaka",
          "unions": [
            {
              "name": "Kotwali Area",
              "upazila": "Kotwali",
              "district": "Dhaka",
              "division": "Dhaka",
              "villages": []
            }
          ]
        },
        {
          "name": "Lalbagh",
          "nameBn": "",
          "postalCode": "1211",
          "district": "Dhaka",
          "division": "Dhaka",
          "unions": [
            {
              "name": "Lalbagh Area",
              "upazila": "Lalbagh",
              "district": "Dhaka",
              "division": "Dhaka",
              "villages": []
            }
          ]
        },
        {
          "name": "Mirpur",
          "nameBn": "",
          "postalCode": "1216",
          "district": "Dhaka",
          "division": "Dhaka",
          "unions": [
            {
              "name": "Mirpur 1",
              "upazila": "Mirpur",
              "district": "Dhaka",
              "division": "Dhaka",
              "villages": []
            },
            {
              "name": "Mirpur 2",
              "upazila": "Mirpur",
              "district": "Dhaka",
              "division": "Dhaka",
              "villages": []
            },
            {
              "name": "Mirpur 6",
              "upazila": "Mirpur",
              "district": "Dhaka",
              "division": "Dhaka",
              "villages": []
            },
            {
              "name": "Mirpur 10",
              "upazila": "Mirpur",
              "district": "Dhaka",
              "division": "Dhaka",
              "villages": []
            },
            {
              "name": "Mirpur 11",
              "upazila": "Mirpur",
              "district": "Dhaka",
              "division": "Dhaka",
              "villages": []
            },
            {
              "name": "Mirpur 12",
              "upazila": "Mirpur",
              "district": "Dhaka",
              "division": "Dhaka",
              "villages": []
            },
            {
              "name": "Mirpur 14",
              "upazila": "Mirpur",
              "district": "Dhaka",
              "division": "Dhaka",
              "villages": []
            },
            {
              "name": "Mirpur Cantonment",
              "upazila": "Mirpur",
              "district": "Dhaka",
              "division": "Dhaka",
              "villages": []
            },
            {
              "name": "Mirpur DOHS",
              "upazila": "Mirpur",
              "district": "Dhaka",
              "division": "Dhaka",
              "villages": []
            }
          ]
        },
        {
          "name": "Mohammadpur",
          "nameBn": "",
          "postalCode": "1207",
          "district": "Dhaka",
          "division": "Dhaka",
          "unions": [
            {
              "name": "Mohammadpur Area",
              "upazila": "Mohammadpur",
              "district": "Dhaka",
              "division": "Dhaka",
              "villages": []
            }
          ]
        },
        {
          "name": "Motijheel",
          "nameBn": "",
          "postalCode": "1000",
          "district": "Dhaka",
          "division": "Dhaka",
          "unions": [
            {
              "name": "Motijheel Area",
              "upazila": "Motijheel",
              "district": "Dhaka",
              "division": "Dhaka",
              "villages": []
            }
          ]
        },
        {
          "name": "New Market",
          "nameBn": "",
          "postalCode": "1205",
          "district": "Dhaka",
          "division": "Dhaka",
          "unions": [
            {
              "name": "New Market Area",
              "upazila": "New Market",
              "district": "Dhaka",
              "division": "Dhaka",
              "villages": []
            }
          ]
        },
        {
          "name": "Pallabi",
          "nameBn": "",
          "postalCode": "1216",
          "district": "Dhaka",
          "division": "Dhaka",
          "unions": [
            {
              "name": "Pallabi Area",
              "upazila": "Pallabi",
              "district": "Dhaka",
              "division": "Dhaka",
              "villages": []
            }
          ]
        },
        {
          "name": "Paltan",
          "nameBn": "",
          "postalCode": "1000",
          "district": "Dhaka",
          "division": "Dhaka",
          "unions": [
            {
              "name": "Paltan Area",
              "upazila": "Paltan",
              "district": "Dhaka",
              "division": "Dhaka",
              "villages": []
            }
          ]
        },
        {
          "name": "Ramna",
          "nameBn": "",
          "postalCode": "1000",
          "district": "Dhaka",
          "division": "Dhaka",
          "unions": [
            {
              "name": "Ramna Area",
              "upazila": "Ramna",
              "district": "Dhaka",
              "division": "Dhaka",
              "villages": []
            }
          ]
        },
        {
          "name": "Rampura",
          "nameBn": "",
          "postalCode": "1219",
          "district": "Dhaka",
          "division": "Dhaka",
          "unions": [
            {
              "name": "Rampura Area",
              "upazila": "Rampura",
              "district": "Dhaka",
              "division": "Dhaka",
              "villages": []
            }
          ]
        },
        {
          "name": "Sabujbagh",
          "nameBn": "",
          "postalCode": "1214",
          "district": "Dhaka",
          "division": "Dhaka",
          "unions": [
            {
              "name": "Sabujbagh Area",
              "upazila": "Sabujbagh",
              "district": "Dhaka",
              "division": "Dhaka",
              "villages": []
            }
          ]
        },
        {
          "name": "Shah Ali",
          "nameBn": "",
          "postalCode": "1216",
          "district": "Dhaka",
          "division": "Dhaka",
          "unions": [
            {
              "name": "Shah Ali Area",
              "upazila": "Shah Ali",
              "district": "Dhaka",
              "division": "Dhaka",
              "villages": []
            }
          ]
        },
        {
          "name": "Shahbag",
          "nameBn": "",
          "postalCode": "1000",
          "district": "Dhaka",
          "division": "Dhaka",
          "unions": [
            {
              "name": "Shahbag Area",
              "upazila": "Shahbag",
              "district": "Dhaka",
              "division": "Dhaka",
              "villages": []
            }
          ]
        },
        {
          "name": "Sher-e-Bangla Nagar",
          "nameBn": "",
          "postalCode": "1207",
          "district": "Dhaka",
          "division": "Dhaka",
          "unions": [
            {
              "name": "Sher-e-Bangla Nagar Area",
              "upazila": "Sher-e-Bangla Nagar",
              "district": "Dhaka",
              "division": "Dhaka",
              "villages": []
            }
          ]
        },
        {
          "name": "Shyampur",
          "nameBn": "",
          "postalCode": "1204",
          "district": "Dhaka",
          "division": "Dhaka",
          "unions": [
            {
              "name": "Shyampur Area",
              "upazila": "Shyampur",
              "district": "Dhaka",
              "division": "Dhaka",
              "villages": []
            }
          ]
        },
        {
          "name": "Sutrapur",
          "nameBn": "",
          "postalCode": "1100",
          "district": "Dhaka",
          "division": "Dhaka",
          "unions": [
            {
              "name": "Sutrapur Area",
              "upazila": "Sutrapur",
              "district": "Dhaka",
              "division": "Dhaka",
              "villages": []
            }
          ]
        },
        {
          "name": "Tejgaon",
          "nameBn": "",
          "postalCode": "1215",
          "district": "Dhaka",
          "division": "Dhaka",
          "unions": [
            {
              "name": "Tejgaon Area",
              "upazila": "Tejgaon",
              "district": "Dhaka",
              "division": "Dhaka",
              "villages": []
            }
          ]
        },
        {
          "name": "Turag",
          "nameBn": "",
          "postalCode": "1230",
          "district": "Dhaka",
          "division": "Dhaka",
          "unions": [
            {
              "name": "Turag Area",
              "upazila": "Turag",
              "district": "Dhaka",
              "division": "Dhaka",
              "villages": []
            }
          ]
        },
        {
          "name": "Uttara",
          "nameBn": "",
          "postalCode": "1230",
          "district": "Dhaka",
          "division": "Dhaka",
          "unions": [
            {
              "name": "Sector 1",
              "upazila": "Uttara",
              "district": "Dhaka",
              "division": "Dhaka",
              "villages": []
            },
            {
              "name": "Sector 2",
              "upazila": "Uttara",
              "district": "Dhaka",
              "division": "Dhaka",
              "villages": []
            },
            {
              "name": "Sector 3",
              "upazila": "Uttara",
              "district": "Dhaka",
              "division": "Dhaka",
              "villages": []
            },
            {
              "name": "Sector 4",
              "upazila": "Uttara",
              "district": "Dhaka",
              "division": "Dhaka",
              "villages": []
            },
            {
              "name": "Sector 5",
              "upazila": "Uttara",
              "district": "Dhaka",
              "division": "Dhaka",
              "villages": []
            },
            {
              "name": "Sector 6",
              "upazila": "Uttara",
              "district": "Dhaka",
              "division": "Dhaka",
              "villages": []
            },
            {
              "name": "Sector 7",
              "upazila": "Uttara",
              "district": "Dhaka",
              "division": "Dhaka",
              "villages": []
            },
            {
              "name": "Sector 8",
              "upazila": "Uttara",
              "district": "Dhaka",
              "division": "Dhaka",
              "villages": []
            },
            {
              "name": "Sector 9",
              "upazila": "Uttara",
              "district": "Dhaka",
              "division": "Dhaka",
              "villages": []
            },
            {
              "name": "Sector 10",
              "upazila": "Uttara",
              "district": "Dhaka",
              "division": "Dhaka",
              "villages": []
            },
            {
              "name": "Sector 11",
              "upazila": "Uttara",
              "district": "Dhaka",
              "division": "Dhaka",
              "villages": []
            },
            {
              "name": "Sector 12",
              "upazila": "Uttara",
              "district": "Dhaka",
              "division": "Dhaka",
              "villages": []
            },
            {
              "name": "Sector 13",
              "upazila": "Uttara",
              "district": "Dhaka",
              "division": "Dhaka",
              "villages": []
            },
            {
              "name": "Sector 14",
              "upazila": "Uttara",
              "district": "Dhaka",
              "division": "Dhaka",
              "villages": []
            }
          ]
        },
        {
          "name": "Uttarkhan",
          "nameBn": "",
          "postalCode": "1230",
          "district": "Dhaka",
          "division": "Dhaka",
          "unions": [
            {
              "name": "Uttarkhan Area",
              "upazila": "Uttarkhan",
              "district": "Dhaka",
              "division": "Dhaka",
              "villages": []
            }
          ]
        },
        {
          "name": "Vatara",
          "nameBn": "",
          "postalCode": "1229",
          "district": "Dhaka",
          "division": "Dhaka",
          "unions": [
            {
              "name": "Vatara Area",
              "upazila": "Vatara",
              "district": "Dhaka",
              "division": "Dhaka",
              "villages": []
            }
          ]
        },
        {
          "name": "Wari",
          "nameBn": "",
          "postalCode": "1203",
          "district": "Dhaka",
          "division": "Dhaka",
          "unions": [
            {
              "name": "Wari Area",
              "upazila": "Wari",
              "district": "Dhaka",
              "division": "Dhaka",
              "villages": []
            }
          ]
        }
      ]
    },
    {
      "name": "Faridpur",
      "division": "Dhaka",
      "upazilas": [
        {
          "name": "Alfadanga",
          "nameBn": "",
          "postalCode": "7870",
          "district": "Faridpur",
          "division": "Dhaka",
          "unions": [
            {
              "name": "Alfadanga Union",
              "upazila": "Alfadanga",
              "district": "Faridpur",
              "division": "Dhaka",
              "villages": []
            }
          ]
        },
        {
          "name": "Bhanga",
          "nameBn": "",
          "postalCode": "7830",
          "district": "Faridpur",
          "division": "Dhaka",
          "unions": [
            {
              "name": "Bhanga Union",
              "upazila": "Bhanga",
              "district": "Faridpur",
              "division": "Dhaka",
              "villages": []
            }
          ]
        },
        {
          "name": "Boalmari",
          "nameBn": "",
          "postalCode": "7860",
          "district": "Faridpur",
          "division": "Dhaka",
          "unions": [
            {
              "name": "Boalmari Union",
              "upazila": "Boalmari",
              "district": "Faridpur",
              "division": "Dhaka",
              "villages": []
            }
          ]
        },
        {
          "name": "Charbhadrasan",
          "nameBn": "",
          "postalCode": "7840",
          "district": "Faridpur",
          "division": "Dhaka",
          "unions": [
            {
              "name": "Charbhadrasan Union",
              "upazila": "Charbhadrasan",
              "district": "Faridpur",
              "division": "Dhaka",
              "villages": []
            }
          ]
        },
        {
          "name": "Faridpur Sadar",
          "nameBn": "",
          "postalCode": "7800",
          "district": "Faridpur",
          "division": "Dhaka",
          "unions": [
            {
              "name": "Faridpur Sadar Union",
              "upazila": "Faridpur Sadar",
              "district": "Faridpur",
              "division": "Dhaka",
              "villages": []
            }
          ]
        },
        {
          "name": "Madhukhali",
          "nameBn": "",
          "postalCode": "7850",
          "district": "Faridpur",
          "division": "Dhaka",
          "unions": [
            {
              "name": "Madhukhali Union",
              "upazila": "Madhukhali",
              "district": "Faridpur",
              "division": "Dhaka",
              "villages": []
            }
          ]
        },
        {
          "name": "Nagarkanda",
          "nameBn": "",
          "postalCode": "7810",
          "district": "Faridpur",
          "division": "Dhaka",
          "unions": [
            {
              "name": "Nagarkanda Union",
              "upazila": "Nagarkanda",
              "district": "Faridpur",
              "division": "Dhaka",
              "villages": []
            }
          ]
        },
        {
          "name": "Sadarpur",
          "nameBn": "",
          "postalCode": "7820",
          "district": "Faridpur",
          "division": "Dhaka",
          "unions": [
            {
              "name": "Sadarpur Union",
              "upazila": "Sadarpur",
              "district": "Faridpur",
              "division": "Dhaka",
              "villages": []
            }
          ]
        },
        {
          "name": "Saltha",
          "nameBn": "",
          "postalCode": "7840",
          "district": "Faridpur",
          "division": "Dhaka",
          "unions": [
            {
              "name": "Saltha Union",
              "upazila": "Saltha",
              "district": "Faridpur",
              "division": "Dhaka",
              "villages": []
            }
          ]
        }
      ]
    },
    {
      "name": "Gazipur",
      "division": "Dhaka",
      "upazilas": [
        {
          "name": "Gazipur Sadar",
          "nameBn": "",
          "postalCode": "1700",
          "district": "Gazipur",
          "division": "Dhaka",
          "unions": [
            {
              "name": "Gazipur Sadar Union",
              "upazila": "Gazipur Sadar",
              "district": "Gazipur",
              "division": "Dhaka",
              "villages": []
            }
          ]
        },
        {
          "name": "Kaliakair",
          "nameBn": "",
          "postalCode": "1750",
          "district": "Gazipur",
          "division": "Dhaka",
          "unions": [
            {
              "name": "Kaliakair Union",
              "upazila": "Kaliakair",
              "district": "Gazipur",
              "division": "Dhaka",
              "villages": []
            }
          ]
        },
        {
          "name": "Kaliganj",
          "nameBn": "",
          "postalCode": "1720",
          "district": "Gazipur",
          "division": "Dhaka",
          "unions": [
            {
              "name": "Kaliganj Union",
              "upazila": "Kaliganj",
              "district": "Gazipur",
              "division": "Dhaka",
              "villages": []
            }
          ]
        },
        {
          "name": "Kapasia",
          "nameBn": "",
          "postalCode": "1730",
          "district": "Gazipur",
          "division": "Dhaka",
          "unions": [
            {
              "name": "Kapasia Union",
              "upazila": "Kapasia",
              "district": "Gazipur",
              "division": "Dhaka",
              "villages": []
            }
          ]
        },
        {
          "name": "Sreepur",
          "nameBn": "",
          "postalCode": "1740",
          "district": "Gazipur",
          "division": "Dhaka",
          "unions": [
            {
              "name": "Sreepur Union",
              "upazila": "Sreepur",
              "district": "Gazipur",
              "division": "Dhaka",
              "villages": []
            }
          ]
        },
        {
          "name": "Bason",
          "nameBn": "",
          "postalCode": "1700",
          "district": "Gazipur",
          "division": "Dhaka",
          "unions": [
            {
              "name": "Bason Area",
              "upazila": "Bason",
              "district": "Gazipur",
              "division": "Dhaka",
              "villages": []
            }
          ]
        },
        {
          "name": "Gacha",
          "nameBn": "",
          "postalCode": "1704",
          "district": "Gazipur",
          "division": "Dhaka",
          "unions": [
            {
              "name": "Gacha Area",
              "upazila": "Gacha",
              "district": "Gazipur",
              "division": "Dhaka",
              "villages": []
            }
          ]
        },
        {
          "name": "Joydebpur",
          "nameBn": "",
          "postalCode": "1700",
          "district": "Gazipur",
          "division": "Dhaka",
          "unions": [
            {
              "name": "Joydebpur Area",
              "upazila": "Joydebpur",
              "district": "Gazipur",
              "division": "Dhaka",
              "villages": []
            }
          ]
        },
        {
          "name": "Kashimpur",
          "nameBn": "",
          "postalCode": "1700",
          "district": "Gazipur",
          "division": "Dhaka",
          "unions": [
            {
              "name": "Kashimpur Area",
              "upazila": "Kashimpur",
              "district": "Gazipur",
              "division": "Dhaka",
              "villages": []
            }
          ]
        },
        {
          "name": "Konabari",
          "nameBn": "",
          "postalCode": "1700",
          "district": "Gazipur",
          "division": "Dhaka",
          "unions": [
            {
              "name": "Konabari Area",
              "upazila": "Konabari",
              "district": "Gazipur",
              "division": "Dhaka",
              "villages": []
            }
          ]
        },
        {
          "name": "Pubail",
          "nameBn": "",
          "postalCode": "1700",
          "district": "Gazipur",
          "division": "Dhaka",
          "unions": [
            {
              "name": "Pubail Area",
              "upazila": "Pubail",
              "district": "Gazipur",
              "division": "Dhaka",
              "villages": []
            }
          ]
        },
        {
          "name": "Tongi East",
          "nameBn": "",
          "postalCode": "1710",
          "district": "Gazipur",
          "division": "Dhaka",
          "unions": [
            {
              "name": "Tongi East Area",
              "upazila": "Tongi East",
              "district": "Gazipur",
              "division": "Dhaka",
              "villages": []
            }
          ]
        },
        {
          "name": "Tongi West",
          "nameBn": "",
          "postalCode": "1710",
          "district": "Gazipur",
          "division": "Dhaka",
          "unions": [
            {
              "name": "Tongi West Area",
              "upazila": "Tongi West",
              "district": "Gazipur",
              "division": "Dhaka",
              "villages": []
            }
          ]
        }
      ]
    },
    {
      "name": "Gopalganj",
      "division": "Dhaka",
      "upazilas": [
        {
          "name": "Gopalganj Sadar",
          "nameBn": "",
          "postalCode": "8100",
          "district": "Gopalganj",
          "division": "Dhaka",
          "unions": [
            {
              "name": "Gopalganj Sadar Union",
              "upazila": "Gopalganj Sadar",
              "district": "Gopalganj",
              "division": "Dhaka",
              "villages": []
            }
          ]
        },
        {
          "name": "Kashiani",
          "nameBn": "",
          "postalCode": "8110",
          "district": "Gopalganj",
          "division": "Dhaka",
          "unions": [
            {
              "name": "Kashiani Union",
              "upazila": "Kashiani",
              "district": "Gopalganj",
              "division": "Dhaka",
              "villages": []
            }
          ]
        },
        {
          "name": "Kotalipara",
          "nameBn": "",
          "postalCode": "8120",
          "district": "Gopalganj",
          "division": "Dhaka",
          "unions": [
            {
              "name": "Kotalipara Union",
              "upazila": "Kotalipara",
              "district": "Gopalganj",
              "division": "Dhaka",
              "villages": []
            }
          ]
        },
        {
          "name": "Muksudpur",
          "nameBn": "",
          "postalCode": "8130",
          "district": "Gopalganj",
          "division": "Dhaka",
          "unions": [
            {
              "name": "Muksudpur Union",
              "upazila": "Muksudpur",
              "district": "Gopalganj",
              "division": "Dhaka",
              "villages": []
            }
          ]
        },
        {
          "name": "Tungipara",
          "nameBn": "",
          "postalCode": "8140",
          "district": "Gopalganj",
          "division": "Dhaka",
          "unions": [
            {
              "name": "Tungipara Union",
              "upazila": "Tungipara",
              "district": "Gopalganj",
              "division": "Dhaka",
              "villages": []
            }
          ]
        }
      ]
    },
    {
      "name": "Kishoreganj",
      "division": "Dhaka",
      "upazilas": [
        {
          "name": "Austagram",
          "nameBn": "",
          "postalCode": "2310",
          "district": "Kishoreganj",
          "division": "Dhaka",
          "unions": [
            {
              "name": "Austagram Union",
              "upazila": "Austagram",
              "district": "Kishoreganj",
              "division": "Dhaka",
              "villages": []
            }
          ]
        },
        {
          "name": "Bajitpur",
          "nameBn": "",
          "postalCode": "2336",
          "district": "Kishoreganj",
          "division": "Dhaka",
          "unions": [
            {
              "name": "Bajitpur Union",
              "upazila": "Bajitpur",
              "district": "Kishoreganj",
              "division": "Dhaka",
              "villages": []
            }
          ]
        },
        {
          "name": "Bhairab",
          "nameBn": "",
          "postalCode": "2350",
          "district": "Kishoreganj",
          "division": "Dhaka",
          "unions": [
            {
              "name": "Bhairab Union",
              "upazila": "Bhairab",
              "district": "Kishoreganj",
              "division": "Dhaka",
              "villages": []
            }
          ]
        },
        {
          "name": "Hossainpur",
          "nameBn": "",
          "postalCode": "2326",
          "district": "Kishoreganj",
          "division": "Dhaka",
          "unions": [
            {
              "name": "Hossainpur Union",
              "upazila": "Hossainpur",
              "district": "Kishoreganj",
              "division": "Dhaka",
              "villages": []
            }
          ]
        },
        {
          "name": "Itna",
          "nameBn": "",
          "postalCode": "2360",
          "district": "Kishoreganj",
          "division": "Dhaka",
          "unions": [
            {
              "name": "Itna Union",
              "upazila": "Itna",
              "district": "Kishoreganj",
              "division": "Dhaka",
              "villages": []
            }
          ]
        },
        {
          "name": "Karimganj",
          "nameBn": "",
          "postalCode": "2316",
          "district": "Kishoreganj",
          "division": "Dhaka",
          "unions": [
            {
              "name": "Karimganj Union",
              "upazila": "Karimganj",
              "district": "Kishoreganj",
              "division": "Dhaka",
              "villages": []
            }
          ]
        },
        {
          "name": "Katiadi",
          "nameBn": "",
          "postalCode": "2320",
          "district": "Kishoreganj",
          "division": "Dhaka",
          "unions": [
            {
              "name": "Katiadi Union",
              "upazila": "Katiadi",
              "district": "Kishoreganj",
              "division": "Dhaka",
              "villages": []
            }
          ]
        },
        {
          "name": "Kishoreganj Sadar",
          "nameBn": "",
          "postalCode": "2300",
          "district": "Kishoreganj",
          "division": "Dhaka",
          "unions": [
            {
              "name": "Kishoreganj Sadar Union",
              "upazila": "Kishoreganj Sadar",
              "district": "Kishoreganj",
              "division": "Dhaka",
              "villages": []
            }
          ]
        },
        {
          "name": "Kuliarchar",
          "nameBn": "",
          "postalCode": "2340",
          "district": "Kishoreganj",
          "division": "Dhaka",
          "unions": [
            {
              "name": "Kuliarchar Union",
              "upazila": "Kuliarchar",
              "district": "Kishoreganj",
              "division": "Dhaka",
              "villages": []
            }
          ]
        },
        {
          "name": "Mithamain",
          "nameBn": "",
          "postalCode": "2370",
          "district": "Kishoreganj",
          "division": "Dhaka",
          "unions": [
            {
              "name": "Mithamain Union",
              "upazila": "Mithamain",
              "district": "Kishoreganj",
              "division": "Dhaka",
              "villages": []
            }
          ]
        },
        {
          "name": "Nikli",
          "nameBn": "",
          "postalCode": "2380",
          "district": "Kishoreganj",
          "division": "Dhaka",
          "unions": [
            {
              "name": "Nikli Union",
              "upazila": "Nikli",
              "district": "Kishoreganj",
              "division": "Dhaka",
              "villages": []
            }
          ]
        },
        {
          "name": "Pakundia",
          "nameBn": "",
          "postalCode": "2327",
          "district": "Kishoreganj",
          "division": "Dhaka",
          "unions": [
            {
              "name": "Pakundia Union",
              "upazila": "Pakundia",
              "district": "Kishoreganj",
              "division": "Dhaka",
              "villages": []
            }
          ]
        },
        {
          "name": "Tarail",
          "nameBn": "",
          "postalCode": "2390",
          "district": "Kishoreganj",
          "division": "Dhaka",
          "unions": [
            {
              "name": "Tarail Union",
              "upazila": "Tarail",
              "district": "Kishoreganj",
              "division": "Dhaka",
              "villages": []
            }
          ]
        }
      ]
    },
    {
      "name": "Madaripur",
      "division": "Dhaka",
      "upazilas": [
        {
          "name": "Madaripur Sadar",
          "nameBn": "",
          "postalCode": "7900",
          "district": "Madaripur",
          "division": "Dhaka",
          "unions": [
            {
              "name": "Madaripur Sadar Union",
              "upazila": "Madaripur Sadar",
              "district": "Madaripur",
              "division": "Dhaka",
              "villages": []
            }
          ]
        },
        {
          "name": "Kalkini",
          "nameBn": "",
          "postalCode": "7910",
          "district": "Madaripur",
          "division": "Dhaka",
          "unions": [
            {
              "name": "Kalkini Union",
              "upazila": "Kalkini",
              "district": "Madaripur",
              "division": "Dhaka",
              "villages": []
            }
          ]
        },
        {
          "name": "Rajoir",
          "nameBn": "",
          "postalCode": "7920",
          "district": "Madaripur",
          "division": "Dhaka",
          "unions": [
            {
              "name": "Rajoir Union",
              "upazila": "Rajoir",
              "district": "Madaripur",
              "division": "Dhaka",
              "villages": []
            }
          ]
        },
        {
          "name": "Shibchar",
          "nameBn": "",
          "postalCode": "7930",
          "district": "Madaripur",
          "division": "Dhaka",
          "unions": [
            {
              "name": "Shibchar Union",
              "upazila": "Shibchar",
              "district": "Madaripur",
              "division": "Dhaka",
              "villages": []
            }
          ]
        },
        {
          "name": "Dasar",
          "nameBn": "",
          "postalCode": "7920",
          "district": "Madaripur",
          "division": "Dhaka",
          "unions": [
            {
              "name": "Dasar Union",
              "upazila": "Dasar",
              "district": "Madaripur",
              "division": "Dhaka",
              "villages": []
            }
          ]
        }
      ]
    },
    {
      "name": "Manikganj",
      "division": "Dhaka",
      "upazilas": [
        {
          "name": "Daulatpur",
          "nameBn": "",
          "postalCode": "1810",
          "district": "Manikganj",
          "division": "Dhaka",
          "unions": [
            {
              "name": "Daulatpur Union",
              "upazila": "Daulatpur",
              "district": "Manikganj",
              "division": "Dhaka",
              "villages": []
            }
          ]
        },
        {
          "name": "Ghior",
          "nameBn": "",
          "postalCode": "1820",
          "district": "Manikganj",
          "division": "Dhaka",
          "unions": [
            {
              "name": "Ghior Union",
              "upazila": "Ghior",
              "district": "Manikganj",
              "division": "Dhaka",
              "villages": []
            }
          ]
        },
        {
          "name": "Harirampur",
          "nameBn": "",
          "postalCode": "1830",
          "district": "Manikganj",
          "division": "Dhaka",
          "unions": [
            {
              "name": "Harirampur Union",
              "upazila": "Harirampur",
              "district": "Manikganj",
              "division": "Dhaka",
              "villages": []
            }
          ]
        },
        {
          "name": "Manikganj Sadar",
          "nameBn": "",
          "postalCode": "1800",
          "district": "Manikganj",
          "division": "Dhaka",
          "unions": [
            {
              "name": "Manikganj Sadar Union",
              "upazila": "Manikganj Sadar",
              "district": "Manikganj",
              "division": "Dhaka",
              "villages": []
            }
          ]
        },
        {
          "name": "Saturia",
          "nameBn": "",
          "postalCode": "1840",
          "district": "Manikganj",
          "division": "Dhaka",
          "unions": [
            {
              "name": "Saturia Union",
              "upazila": "Saturia",
              "district": "Manikganj",
              "division": "Dhaka",
              "villages": []
            }
          ]
        },
        {
          "name": "Shivalaya",
          "nameBn": "",
          "postalCode": "1850",
          "district": "Manikganj",
          "division": "Dhaka",
          "unions": [
            {
              "name": "Shivalaya Union",
              "upazila": "Shivalaya",
              "district": "Manikganj",
              "division": "Dhaka",
              "villages": []
            }
          ]
        },
        {
          "name": "Singair",
          "nameBn": "",
          "postalCode": "1860",
          "district": "Manikganj",
          "division": "Dhaka",
          "unions": [
            {
              "name": "Singair Union",
              "upazila": "Singair",
              "district": "Manikganj",
              "division": "Dhaka",
              "villages": []
            }
          ]
        }
      ]
    },
    {
      "name": "Munshiganj",
      "division": "Dhaka",
      "upazilas": [
        {
          "name": "Lohajang",
          "nameBn": "",
          "postalCode": "1520",
          "district": "Munshiganj",
          "division": "Dhaka",
          "unions": [
            {
              "name": "Lohajang Union",
              "upazila": "Lohajang",
              "district": "Munshiganj",
              "division": "Dhaka",
              "villages": []
            }
          ]
        },
        {
          "name": "Sreenagar",
          "nameBn": "",
          "postalCode": "1540",
          "district": "Munshiganj",
          "division": "Dhaka",
          "unions": [
            {
              "name": "Sreenagar Union",
              "upazila": "Sreenagar",
              "district": "Munshiganj",
              "division": "Dhaka",
              "villages": []
            }
          ]
        },
        {
          "name": "Munshiganj Sadar",
          "nameBn": "",
          "postalCode": "1500",
          "district": "Munshiganj",
          "division": "Dhaka",
          "unions": [
            {
              "name": "Munshiganj Sadar Union",
              "upazila": "Munshiganj Sadar",
              "district": "Munshiganj",
              "division": "Dhaka",
              "villages": []
            }
          ]
        },
        {
          "name": "Sirajdikhan",
          "nameBn": "",
          "postalCode": "1530",
          "district": "Munshiganj",
          "division": "Dhaka",
          "unions": [
            {
              "name": "Sirajdikhan Union",
              "upazila": "Sirajdikhan",
              "district": "Munshiganj",
              "division": "Dhaka",
              "villages": []
            }
          ]
        },
        {
          "name": "Tongibari",
          "nameBn": "",
          "postalCode": "1550",
          "district": "Munshiganj",
          "division": "Dhaka",
          "unions": [
            {
              "name": "Tongibari Union",
              "upazila": "Tongibari",
              "district": "Munshiganj",
              "division": "Dhaka",
              "villages": []
            }
          ]
        },
        {
          "name": "Gazaria",
          "nameBn": "",
          "postalCode": "1510",
          "district": "Munshiganj",
          "division": "Dhaka",
          "unions": [
            {
              "name": "Gazaria Union",
              "upazila": "Gazaria",
              "district": "Munshiganj",
              "division": "Dhaka",
              "villages": []
            }
          ]
        }
      ]
    },
    {
      "name": "Narayanganj",
      "division": "Dhaka",
      "upazilas": [
        {
          "name": "Araihazar",
          "nameBn": "",
          "postalCode": "1450",
          "district": "Narayanganj",
          "division": "Dhaka",
          "unions": [
            {
              "name": "Araihazar Union",
              "upazila": "Araihazar",
              "district": "Narayanganj",
              "division": "Dhaka",
              "villages": []
            }
          ]
        },
        {
          "name": "Bandar",
          "nameBn": "",
          "postalCode": "1410",
          "district": "Narayanganj",
          "division": "Dhaka",
          "unions": [
            {
              "name": "Bandar Union",
              "upazila": "Bandar",
              "district": "Narayanganj",
              "division": "Dhaka",
              "villages": []
            }
          ]
        },
        {
          "name": "Narayanganj Sadar",
          "nameBn": "",
          "postalCode": "1400",
          "district": "Narayanganj",
          "division": "Dhaka",
          "unions": [
            {
              "name": "Narayanganj Sadar Union",
              "upazila": "Narayanganj Sadar",
              "district": "Narayanganj",
              "division": "Dhaka",
              "villages": []
            }
          ]
        },
        {
          "name": "Rupganj",
          "nameBn": "",
          "postalCode": "1460",
          "district": "Narayanganj",
          "division": "Dhaka",
          "unions": [
            {
              "name": "Rupganj Union",
              "upazila": "Rupganj",
              "district": "Narayanganj",
              "division": "Dhaka",
              "villages": []
            }
          ]
        },
        {
          "name": "Sonargaon",
          "nameBn": "",
          "postalCode": "1440",
          "district": "Narayanganj",
          "division": "Dhaka",
          "unions": [
            {
              "name": "Sonargaon Union",
              "upazila": "Sonargaon",
              "district": "Narayanganj",
              "division": "Dhaka",
              "villages": []
            }
          ]
        },
        {
          "name": "Fatullah",
          "nameBn": "",
          "postalCode": "1420",
          "district": "Narayanganj",
          "division": "Dhaka",
          "unions": [
            {
              "name": "Fatullah Area",
              "upazila": "Fatullah",
              "district": "Narayanganj",
              "division": "Dhaka",
              "villages": []
            }
          ]
        },
        {
          "name": "Siddhirganj",
          "nameBn": "",
          "postalCode": "1430",
          "district": "Narayanganj",
          "division": "Dhaka",
          "unions": [
            {
              "name": "Siddhirganj Area",
              "upazila": "Siddhirganj",
              "district": "Narayanganj",
              "division": "Dhaka",
              "villages": []
            }
          ]
        }
      ]
    },
    {
      "name": "Narsingdi",
      "division": "Dhaka",
      "upazilas": [
        {
          "name": "Belabo",
          "nameBn": "",
          "postalCode": "1610",
          "district": "Narsingdi",
          "division": "Dhaka",
          "unions": [
            {
              "name": "Belabo Union",
              "upazila": "Belabo",
              "district": "Narsingdi",
              "division": "Dhaka",
              "villages": []
            }
          ]
        },
        {
          "name": "Monohardi",
          "nameBn": "",
          "postalCode": "1620",
          "district": "Narsingdi",
          "division": "Dhaka",
          "unions": [
            {
              "name": "Monohardi Union",
              "upazila": "Monohardi",
              "district": "Narsingdi",
              "division": "Dhaka",
              "villages": []
            }
          ]
        },
        {
          "name": "Narsingdi Sadar",
          "nameBn": "",
          "postalCode": "1600",
          "district": "Narsingdi",
          "division": "Dhaka",
          "unions": [
            {
              "name": "Narsingdi Sadar Union",
              "upazila": "Narsingdi Sadar",
              "district": "Narsingdi",
              "division": "Dhaka",
              "villages": []
            }
          ]
        },
        {
          "name": "Palash",
          "nameBn": "",
          "postalCode": "1630",
          "district": "Narsingdi",
          "division": "Dhaka",
          "unions": [
            {
              "name": "Palash Union",
              "upazila": "Palash",
              "district": "Narsingdi",
              "division": "Dhaka",
              "villages": []
            }
          ]
        },
        {
          "name": "Raipura",
          "nameBn": "",
          "postalCode": "1640",
          "district": "Narsingdi",
          "division": "Dhaka",
          "unions": [
            {
              "name": "Raipura Union",
              "upazila": "Raipura",
              "district": "Narsingdi",
              "division": "Dhaka",
              "villages": []
            }
          ]
        },
        {
          "name": "Shibpur",
          "nameBn": "",
          "postalCode": "1650",
          "district": "Narsingdi",
          "division": "Dhaka",
          "unions": [
            {
              "name": "Shibpur Union",
              "upazila": "Shibpur",
              "district": "Narsingdi",
              "division": "Dhaka",
              "villages": []
            }
          ]
        }
      ]
    },
    {
      "name": "Rajbari",
      "division": "Dhaka",
      "upazilas": [
        {
          "name": "Baliakandi",
          "nameBn": "",
          "postalCode": "7710",
          "district": "Rajbari",
          "division": "Dhaka",
          "unions": [
            {
              "name": "Baliakandi Union",
              "upazila": "Baliakandi",
              "district": "Rajbari",
              "division": "Dhaka",
              "villages": []
            }
          ]
        },
        {
          "name": "Goalanda",
          "nameBn": "",
          "postalCode": "7710",
          "district": "Rajbari",
          "division": "Dhaka",
          "unions": [
            {
              "name": "Goalanda Union",
              "upazila": "Goalanda",
              "district": "Rajbari",
              "division": "Dhaka",
              "villages": []
            }
          ]
        },
        {
          "name": "Kalukhali",
          "nameBn": "",
          "postalCode": "7740",
          "district": "Rajbari",
          "division": "Dhaka",
          "unions": [
            {
              "name": "Kalukhali Union",
              "upazila": "Kalukhali",
              "district": "Rajbari",
              "division": "Dhaka",
              "villages": []
            }
          ]
        },
        {
          "name": "Pangsha",
          "nameBn": "",
          "postalCode": "7730",
          "district": "Rajbari",
          "division": "Dhaka",
          "unions": [
            {
              "name": "Pangsha Union",
              "upazila": "Pangsha",
              "district": "Rajbari",
              "division": "Dhaka",
              "villages": []
            }
          ]
        },
        {
          "name": "Rajbari Sadar",
          "nameBn": "",
          "postalCode": "7700",
          "district": "Rajbari",
          "division": "Dhaka",
          "unions": [
            {
              "name": "Rajbari Sadar Union",
              "upazila": "Rajbari Sadar",
              "district": "Rajbari",
              "division": "Dhaka",
              "villages": []
            }
          ]
        }
      ]
    },
    {
      "name": "Shariatpur",
      "division": "Dhaka",
      "upazilas": [
        {
          "name": "Bhedarganj",
          "nameBn": "",
          "postalCode": "8010",
          "district": "Shariatpur",
          "division": "Dhaka",
          "unions": [
            {
              "name": "Bhedarganj Union",
              "upazila": "Bhedarganj",
              "district": "Shariatpur",
              "division": "Dhaka",
              "villages": []
            }
          ]
        },
        {
          "name": "Damudya",
          "nameBn": "",
          "postalCode": "8020",
          "district": "Shariatpur",
          "division": "Dhaka",
          "unions": [
            {
              "name": "Damudya Union",
              "upazila": "Damudya",
              "district": "Shariatpur",
              "division": "Dhaka",
              "villages": []
            }
          ]
        },
        {
          "name": "Gosairhat",
          "nameBn": "",
          "postalCode": "8030",
          "district": "Shariatpur",
          "division": "Dhaka",
          "unions": [
            {
              "name": "Gosairhat Union",
              "upazila": "Gosairhat",
              "district": "Shariatpur",
              "division": "Dhaka",
              "villages": []
            }
          ]
        },
        {
          "name": "Naria",
          "nameBn": "",
          "postalCode": "8040",
          "district": "Shariatpur",
          "division": "Dhaka",
          "unions": [
            {
              "name": "Naria Union",
              "upazila": "Naria",
              "district": "Shariatpur",
              "division": "Dhaka",
              "villages": []
            }
          ]
        },
        {
          "name": "Shariatpur Sadar",
          "nameBn": "",
          "postalCode": "8000",
          "district": "Shariatpur",
          "division": "Dhaka",
          "unions": [
            {
              "name": "Shariatpur Sadar Union",
              "upazila": "Shariatpur Sadar",
              "district": "Shariatpur",
              "division": "Dhaka",
              "villages": []
            }
          ]
        },
        {
          "name": "Zanjira",
          "nameBn": "",
          "postalCode": "8010",
          "district": "Shariatpur",
          "division": "Dhaka",
          "unions": [
            {
              "name": "Zanjira Union",
              "upazila": "Zanjira",
              "district": "Shariatpur",
              "division": "Dhaka",
              "villages": []
            }
          ]
        }
      ]
    },
    {
      "name": "Tangail",
      "division": "Dhaka",
      "upazilas": [
        {
          "name": "Basail",
          "nameBn": "",
          "postalCode": "1910",
          "district": "Tangail",
          "division": "Dhaka",
          "unions": [
            {
              "name": "Basail Union",
              "upazila": "Basail",
              "district": "Tangail",
              "division": "Dhaka",
              "villages": []
            }
          ]
        },
        {
          "name": "Bhuapur",
          "nameBn": "",
          "postalCode": "1920",
          "district": "Tangail",
          "division": "Dhaka",
          "unions": [
            {
              "name": "Bhuapur Union",
              "upazila": "Bhuapur",
              "district": "Tangail",
              "division": "Dhaka",
              "villages": []
            }
          ]
        },
        {
          "name": "Delduar",
          "nameBn": "",
          "postalCode": "1930",
          "district": "Tangail",
          "division": "Dhaka",
          "unions": [
            {
              "name": "Delduar Union",
              "upazila": "Delduar",
              "district": "Tangail",
              "division": "Dhaka",
              "villages": []
            }
          ]
        },
        {
          "name": "Dhanbari",
          "nameBn": "",
          "postalCode": "1940",
          "district": "Tangail",
          "division": "Dhaka",
          "unions": [
            {
              "name": "Dhanbari Union",
              "upazila": "Dhanbari",
              "district": "Tangail",
              "division": "Dhaka",
              "villages": []
            }
          ]
        },
        {
          "name": "Ghatail",
          "nameBn": "",
          "postalCode": "1950",
          "district": "Tangail",
          "division": "Dhaka",
          "unions": [
            {
              "name": "Ghatail Union",
              "upazila": "Ghatail",
              "district": "Tangail",
              "division": "Dhaka",
              "villages": []
            }
          ]
        },
        {
          "name": "Gopalpur",
          "nameBn": "",
          "postalCode": "1960",
          "district": "Tangail",
          "division": "Dhaka",
          "unions": [
            {
              "name": "Gopalpur Union",
              "upazila": "Gopalpur",
              "district": "Tangail",
              "division": "Dhaka",
              "villages": []
            }
          ]
        },
        {
          "name": "Kalihati",
          "nameBn": "",
          "postalCode": "1970",
          "district": "Tangail",
          "division": "Dhaka",
          "unions": [
            {
              "name": "Kalihati Union",
              "upazila": "Kalihati",
              "district": "Tangail",
              "division": "Dhaka",
              "villages": []
            }
          ]
        },
        {
          "name": "Madhupur",
          "nameBn": "",
          "postalCode": "1996",
          "district": "Tangail",
          "division": "Dhaka",
          "unions": [
            {
              "name": "Madhupur Union",
              "upazila": "Madhupur",
              "district": "Tangail",
              "division": "Dhaka",
              "villages": []
            }
          ]
        },
        {
          "name": "Mirzapur",
          "nameBn": "",
          "postalCode": "1980",
          "district": "Tangail",
          "division": "Dhaka",
          "unions": [
            {
              "name": "Mirzapur Union",
              "upazila": "Mirzapur",
              "district": "Tangail",
              "division": "Dhaka",
              "villages": []
            }
          ]
        },
        {
          "name": "Nagarpur",
          "nameBn": "",
          "postalCode": "1990",
          "district": "Tangail",
          "division": "Dhaka",
          "unions": [
            {
              "name": "Nagarpur Union",
              "upazila": "Nagarpur",
              "district": "Tangail",
              "division": "Dhaka",
              "villages": []
            }
          ]
        },
        {
          "name": "Sakhipur",
          "nameBn": "",
          "postalCode": "1991",
          "district": "Tangail",
          "division": "Dhaka",
          "unions": [
            {
              "name": "Sakhipur Union",
              "upazila": "Sakhipur",
              "district": "Tangail",
              "division": "Dhaka",
              "villages": []
            }
          ]
        },
        {
          "name": "Tangail Sadar",
          "nameBn": "",
          "postalCode": "1900",
          "district": "Tangail",
          "division": "Dhaka",
          "unions": [
            {
              "name": "Tangail Sadar Union",
              "upazila": "Tangail Sadar",
              "district": "Tangail",
              "division": "Dhaka",
              "villages": []
            }
          ]
        }
      ]
    }
  ]
}